index,slug,name,method,endpoint,category,category_label,billing,qps,free_quota_logged_in,free_quota_anonymous,required_query_params,optional_query_params,marketplace_url,docs_url,raw_docs_url,openapi_operation_id,summary,growth_tier,growth_action,promotion_angle,known_calls_30d,known_errors_30d,known_error_rate
1,video-parse,全平台视频元数据解析服务,GET,https://v1.apizero.cn/api/video-parse,content,内容娱乐,按次付费 · 月套餐 · 单次 0 积分,3 / s,20,5,url,flat,https://apizero.cn/marketplace/video-parse,https://apizero.cn/aidocs/video-parse,https://apizero.cn/aidocs/video-parse/raw.md,video_parse,``` 全平台视频元数据解析服务 — 专业、合规、稳定 ## 服务概述 本服务通过 RESTful API 形式，将用户已能合法访问的视频/图集分享链接， 解析为结构化的元数据信息（标题、封面、作者、原始 URL 等）， 便于开发者集成到内容审核、个人备份、学术研究、数据迁移等场景。 ## 核心能力 - **覆盖广**：国内主流平台全覆盖（抖音、小红书、哔哩哔哩、快手、微博、 皮皮虾、最右、贴吧、即梦、可灵 AI 等），海外平台 5 站智能路由 （YouTube、Vimeo、Twitter 等通过 yt-dlp 兜底） - **响应快**：智能缓存 + 多通道竞速，平均响应 1.3 秒，QPS 可达 15 - **稳定性**：99.7% 月度可用性（含失败重试与自动降级） - **合规优先**： · 强制在每个响应中返回 source 来源标注字段 · 不存储任何原始视频/图片内容 · 完善的 DMCA 侵权处理通道（24 小时响应） · 90 天日志保留期，超期自动清理 ## 适用场景 ✅ 个人内容备份（用户备份自己发布或合法授权的内容） ✅ MCN 机构内容审核（对委托发布的内容进行合规审查） ✅ 学术研究（高校研究机构的传播规律分析） ✅ 合法范围内的市场数据聚合分析 ✅ 用户在自有多账号间的内容迁移 ## 严禁用途（违反者立即终止服务且不予退款） ❌ 公开传播、二次发布他人受版权保护的内容 ❌ 集成到视频下载站、聚合下载工具等以下载为主功能的产品 ❌ 大规模爬取、自动化抓取 ❌ 用于侵犯他人著作权、肖像权、隐私权的任何用途 ❌ 二次商业转售本服务的解析结果 ## 调用即同意《用户协议与免责声明》 完整协议：如下免责申明 侵权投诉：1790643379@qq.com ``` 新增支持豆包、千问内容分享解析：豆包视频（无水印直链 + 封面）、豆包对话图片、千问图片，按链接自动识别。,C-caution,只做排错/合规指南,错误率高，暂不作为拉新入口；只讲合法使用、常见错误和可测试输入。,835,359,42.99%
2,barcode-gs1,商品条码查询PRO,GET,https://v1.apizero.cn/api/barcode-gs1,life,生活服务,按次付费 · 月套餐 · 单次 0 积分,2 / s,5,2,code,,https://apizero.cn/marketplace/barcode-gs1,https://apizero.cn/aidocs/barcode-gs1,https://apizero.cn/aidocs/barcode-gs1/raw.md,barcode_gs1,官方权威的商品条码查询接口，数据直通中国物品编码中心官方注册数据库。 与 `barcode-lookup` 定位不同： - 本接口**官方权威**：返回厂商注册名称、产品登记信息、上市日期、官方商品图等可追溯的官方数据 - 本接口**仅覆盖国内注册条码**(6/690 开头)，进口商品或非注册条码会返回 found=false - 适合合规核验、溯源、上架审核等对数据权威性要求高的场景 支持输入格式：8 / 12 / 13 / 14 位纯数字，或 16 位 AI(01) 前缀 + GTIN-14。 返回数据包含：产品名称、品牌、通用名、分类（含分类编号）、规格、净含量、上市日期、厂商企业名、官方商品图、条码激活日期、产品创建日期、企业注册日期、已用天数等核心字段，部分情况下额外提供生产国、企业地址、参考售价、厂商识别代码等扩展字段。,A-verify,验证后主推,PRO 商品条码查询；发文前先用真实条码验证，降低新用户复制失败率。,1805,255,14.13%
3,barcode-lookup,商品条码查询-免费版,GET,https://v1.apizero.cn/api/barcode-lookup,life,生活服务,免费试用 · 单次 0 积分,2 / s,200,20,barcode,mode,https://apizero.cn/marketplace/barcode-lookup,https://apizero.cn/aidocs/barcode-lookup,https://apizero.cn/aidocs/barcode-lookup/raw.md,barcode_lookup,通过商品条形码（EAN-13 / UPC-A / UPC-E / EAN-8）一键查询商品信息，覆盖国内日常消费品超千万 SKU，包括食品饮料、日用百货、个护美妆、酒水烟草、母婴用品等。 【核心字段】 - name 商品名称 - brand 品牌 - manufacturer 生产厂商 / 经销商 - spec 规格（如 550ml / 250g / 6 听装） - price 参考价（人民币元，仅作参考非实时市场价） - image 商品图片 URL（自有 CDN 代理，跨域友好） 【典型场景】 - 电商 / 零售 ERP：扫码录入商品自动补全字段 - 个人记账 App：扫码识物展示购物明细 - 物流仓储：条码核销 + 商品图展示 - 自动售货机：条码识别后获取商品名称 - 营销活动：用户扫码核销福利时验证商品 【调用示例】 GET /api/barcode-lookup?barcode=6921168509256 【特别说明】 - 平均响应 100ms（不含图片下载） - 国内主流商品（农夫山泉、可口可乐、康师傅、伊利等）覆盖率 > 95% - 个别冷门 / 新上市 SKU 可能未收录，此时 found=false - price 字段仅作参考，非各电商平台实时价格 - image 字段始终返回有效 URL（接图片 onError 即可降级到默认图标） 【⚠️ 注意】 图片资源为公开懒加载代理，不计入接口调用次数；商品文本数据为按次计费。,A-core,主推,免费商品条码查询；适合库存录入、电商资料补全、扫码工具。,164,,
4,hot-baidu,百度热搜榜,GET,https://v1.apizero.cn/api/hot-baidu,life,生活服务,免费试用 · 单次 0 积分,10 / s,10000,1000,,tab,https://apizero.cn/marketplace/hot-baidu,https://apizero.cn/aidocs/hot-baidu,https://apizero.cn/aidocs/hot-baidu/raw.md,hot_baidu,"聚合百度搜索热榜数据，实时返回 4 大榜单的 Top 30~50 条热门内容。零成本调用，适合做内容聚合 / 热点追踪 / 资讯类产品。 【支持榜单】 - realtime（实时热搜）· 默认值，约 30~50 条 - novel（小说）· 约 30 条，含作者 - movie（电影）· 约 10 条，含类型 - tv（电视剧）· 约 10 条，含演员 【返回字段】 - rank · 榜单排名 - title · 标题 - desc · 简短描述 - hot_index · 热度指数（数字） - link · 详情链接（百度搜索） - image · 配图 URL（直接可用，无防盗链限制） - tag · 标签（如「热」「新」「沸」「爆」） - author / category / actors · 小说 / 电影 / 电视剧专属字段 【典型场景】 - 资讯类 App 的""今日热点""模块 - AI 写作助手的""实时热点选题""参考 - 数据看板 / 大屏展示 - 微信公众号选题辅助 - 热搜监控 / 舆情分析 【调用示例】 GET /api/hot-baidu · 默认实时热搜 GET /api/hot-baidu?tab=realtime GET /api/hot-baidu?tab=novel GET /api/hot-baidu?tab=movie GET /api/hot-baidu?tab=tv 【性能与缓存】 - 平均响应 200ms（缓存命中时 < 50ms） - 后端 60 秒缓存（百度榜单本身分钟级更新，短缓存合理且节省调用方资源） 【⚠️ 数据来源说明】 本接口数据来源于百度搜索热榜公开页面（top.baidu.com），仅用于个人开发测试与小规模商业场景；如需大规模商业使用建议自建抓取或采购官方 API。",B-support,补充推广,百度热搜 API；适合公众号、AI 写作工具、热点选题池。,,,
5,weather,彩云天气,GET,https://v1.apizero.cn/api/weather,life,生活服务,免费试用 · 单次 0 积分,10 / s,2000,100,,"type, city, location, alert, days, hours",https://apizero.cn/marketplace/weather,https://apizero.cn/aidocs/weather,https://apizero.cn/aidocs/weather/raw.md,weather,"基于彩云天气 v2.6 的全功能天气接口，覆盖： • 实时天气（温度/湿度/风/能见度/AQI/PM2.5） • 分钟级降水预报（未来 2 小时） • 小时预报（最长 360 小时 = 15 天） • 天预报（最长 15 天，含日出日落、温度极值、生活指数） • 综合数据（一次返回全部 + 气象预警） 特色： • 支持城市名直接查询（内置 ~140 个常用中国城市表 + Open-Meteo 兜底，无需高德/百度 Key） • 自动中文化：skycon 转中文、风向转 16 方位、风速转蒲福风级、AQI 转等级颜色 • 预警标准化：从原始 title 提取颜色（蓝/黄/橙/红）和级别（一般/较重/严重/特别严重） • 顶层 summary 字段提供""一眼看懂""的实时摘要",A-core,主推,免费天气 API；城市名直接查；适合小程序、网站天气模块、日报脚本。,17379,62,0.36%
6,movie-box,实时电影票房,GET,https://v1.apizero.cn/api/movie-box,life,生活服务,免费试用 · 单次 0 积分,10 / s,20000,1000,,,https://apizero.cn/marketplace/movie-box,https://apizero.cn/aidocs/movie-box,https://apizero.cn/aidocs/movie-box/raw.md,movie_box,实时获取猫眼当日电影票房 Top 10，包含累计票房、实时票房、票房占比、排片占比、上座率等核心指标。数据来源猫眼专业版，按 60 秒缓存。,B-support,补充推广,实时电影票房 API；适合影视数据看板和小项目教程。,,,
7,whois,Whois 域名查询,GET,https://v1.apizero.cn/api/whois,dev,开发工具,免费试用 · 单次 0 积分,5 / s,1000,300,domain,with_raw,https://apizero.cn/marketplace/whois,https://apizero.cn/aidocs/whois,https://apizero.cn/aidocs/whois/raw.md,whois,查询域名注册信息（注册商 / 注册主体 / 创建时间 / 到期时间 / DNS 服务器 / 域名状态 / DNSSEC 等）。 • **支持所有主流 TLD**：.com / .cn / .net / .org / .io / .me / .top / .xyz 等几乎所有 ICANN 认证后缀 • **自动归一化**：传入 `https://www.baidu.com/abc` 会自动剥离为 `baidu.com` • **域名可用性检测**：未注册域名返回 is_available=true，可用于域名抢注前查询 • **到期告警**：30 天内到期返回 expiring_soon=true，便于前端高亮提示 • **域龄展示**：creation_age_text 返回「N 年 M 月」人类可读字符串 • **国内 .cn 主体中文**：whoiscx 上游对国内域名返回中文注册主体名（如「极数本源（福州）科技有限公司」） • **缓存 24h**：whois 数据年级变化，全天同一域名查询只调 1 次上游 • **修复源码 BUG**：错误响应字段是 `error` 不是 `message`，源码取错丢失了上游真实错误,B-support,补充推广,Whois 域名查询；适合站长工具、域名监控、开发者脚本。,,,
8,qq,QQ 信息,GET,https://v1.apizero.cn/api/qq,life,生活服务,免费试用 · 单次 0 积分,10 / s,30000,5000,qq,,https://apizero.cn/marketplace/qq,https://apizero.cn/aidocs/qq,https://apizero.cn/aidocs/qq/raw.md,qq,通过 QQ 号查询昵称、QQ 邮箱、QQ 空间链接，并生成 4 种尺寸的头像直链 URL（s40/s100/s140/s640）。 • 严格 5-11 位数字校验（防上游字符串截断引起的号码错位） • 安全增强：上游返回的 QQ key 必须与请求严格一致，否则视为未查询到 • 错误兼容：自动识别上游错误响应（_Callback({error:...})）和正常响应（portraitCallBack(...)） • 编码兜底：腾讯接口历史输出 GBK 含中文昵称时自动转 UTF-8 • 多尺寸头像：avatars 对象内含 s40/s100/s140/s640 四种尺寸 URL，前端 `<img src={data.avatars.s640}>` 直接用,A-core,主推,QQ 头像昵称 API；适合头像展示、轻量用户资料补全、网页小工具。,577,19,3.29%
9,ip-pro,IP 地址查询（街道级）,GET,https://v1.apizero.cn/api/ip-pro,geo,地理位置,按次付费 · 点数包 · 月套餐 · 单次 5 积分,3 / s,30,5,,ip,https://apizero.cn/marketplace/ip-pro,https://apizero.cn/aidocs/ip-pro,https://apizero.cn/aidocs/ip-pro/raw.md,ip_pro,IP 地理位置查询，精确到街道级。多数据源自动切换：主源提供街道 + ISP + 风险评分，主源不可用时自动降级到备用源（城市级 + ISP）。响应 data.source 字段标识本次数据档位。,D-inventory,先收录,先放入接口库，等站内调用量或搜索需求上来后再写专项内容。,,,
10,shici,随机诗词,POST,https://v1.apizero.cn/api/shici,content,内容娱乐,免费试用 · 单次 0 积分,5 / s,50,30,,,https://apizero.cn/marketplace/shici,https://apizero.cn/aidocs/shici,https://apizero.cn/aidocs/shici/raw.md,shici,随机返回一首古诗词，支持按 10 种主题筛选（抒情/四季/山水/天气/人物/生活/节日/动物/植物/食物）。,D-inventory,先收录,先放入接口库，等站内调用量或搜索需求上来后再写专项内容。,,,
11,company-search,企业工商信息查询,GET,https://v1.apizero.cn/api/company-search,kyc,身份核验,免费试用 · 单次 0 积分,5 / s,50,20,name,,https://apizero.cn/marketplace/company-search,https://apizero.cn/aidocs/company-search,https://apizero.cn/aidocs/company-search/raw.md,company_search,通过企业名称关键词查询工商信息，返回前 5 条最匹配结果（按上游评分排序）。覆盖企业全称、法人、注册资本、统一社会信用代码、经营范围、注册地、联系方式等核心字段。数据来自天眼查权威工商数据库，6 小时缓存。,D-inventory,先收录,先放入接口库，等站内调用量或搜索需求上来后再写专项内容。,,,
12,moji-weather,墨迹天气,GET,https://v1.apizero.cn/api/moji-weather,life,生活服务,免费试用 · 单次 0 积分,5 / s,3000,1000,,"city, id, op, keyword, limit, day, month",https://apizero.cn/marketplace/moji-weather,https://apizero.cn/aidocs/moji-weather,https://apizero.cn/aidocs/moji-weather/raw.md,moji_weather,接入墨迹天气官方数据，支持全国 3 万+ 城市实况、历史天气、未来 7 天、24 小时趋势、AQI、9 项生活指数、气象预警及农历，一次调用全量返回。 支持 4 种查询模式： - ?city=北京 · 按城市名查实况（自动模糊匹配第一个） - ?id=33 · 按 internal_id 直查（跳过搜索，更快） - ?op=search&keyword=北京 · 仅搜索城市列表，拿 id - ?op=history&city=北京&day=2026-05-12 · 历史天气（支持单日 / 整月） 历史天气范围： - 当前月：返回 1 号至昨天的数据 - 历史月（≤ 上月）：返回完整 30 天 - 建议查近 40 天以内，过早的月份可能无数据 服务端缓存策略： - 实况：5 分钟；历史·当月：30 分钟；历史·过去月：24 小时 注意：数据由墨迹天气提供，仅供参考，不应用于农业、保险、航运、防灾等专业决策场景。 联系站长：apizero.cn,A-core,主推,墨迹天气；和 weather 合并做天气专题，对比字段丰富度和使用场景。,441,14,3.17%
13,riddle,谜语大全,POST,https://v1.apizero.cn/api/riddle,content,内容娱乐,免费试用 · 单次 0 积分,5 / s,50,30,,,https://apizero.cn/marketplace/riddle,https://apizero.cn/aidocs/riddle,https://apizero.cn/aidocs/riddle/raw.md,riddle,谜语接口，支持随机一条、分页列表、类型列表三种模式（action=random/list/types）。,D-inventory,先收录,先放入接口库，等站内调用量或搜索需求上来后再写专项内容。,,,
14,exchange-rate,实时汇率查询,GET,https://v1.apizero.cn/api/exchange-rate,finance,金融数据,免费试用 · 单次 0 积分,5 / s,200,50,,"money, from, to, action",https://apizero.cn/marketplace/exchange-rate,https://apizero.cn/aidocs/exchange-rate,https://apizero.cn/aidocs/exchange-rate/raw.md,exchange_rate,实时汇率查询，支持 26 种主流货币（CNY/USD/EUR/GBP/JPY 等）一键互转。数据 1 分钟级更新，毫秒响应，免费且无需注册即可调用。 基于 ALAPI 汇率源，覆盖人民币、美元、欧元、英镑、日元、港币、韩元、澳元、加元、新加坡元、瑞士法郎、新台币、泰铢、马来西亚林吉特、俄罗斯卢布、印度卢比、巴西雷亚尔、南非兰特、新西兰元、瑞典/挪威/丹麦克朗、菲律宾比索、印尼盾、越南盾、阿联酋迪拉姆等。 支持「同币种快路径」（from=to 时本地直接返回，0 上游消耗），以及「货币列表查询」action=currencies 子命令（返回支持的全部 26 种货币代码与中文名）。,D-inventory,先收录,先放入接口库，等站内调用量或搜索需求上来后再写专项内容。,,,
15,fund,基金估值跟踪,GET,https://v1.apizero.cn/api/fund,finance,金融数据,免费试用 · 单次 0 积分,5 / s,200,50,action,code,https://apizero.cn/marketplace/fund,https://apizero.cn/aidocs/fund,https://apizero.cn/aidocs/fund/raw.md,fund,基金估值跟踪，一接口聚合「基金实时估值 / 指数行情 / 基金详情 / 全部常用指数批量」4 大功能，覆盖国内基金 + A 股核心指数。 基于天天基金、新浪财经、东方财富三路上游，无需注册即可调用： • action=estimate — 基金实时估值（盘中每分钟更新，含单位净值、估算净值、估算涨跌幅、上次净值日期） • action=index — 单个指数行情（新浪主、东方财富备双通道容灾，含当前点位、涨跌点、涨跌幅） • action=info — 基金详细信息（名称、净值、累计净值、近 1 月/3 月/6 月/1 年/3 年/成立来收益、基金类型、风险等级、规模、基金经理、成立日、管理人） • action=indices — 6 个常用指数批量（上证、深证成指、创业板、上证 50、沪深 300、中证 500） 本接口已修复源码中「新浪通道缺 sh/sz 前缀」的 bug，并优化了 HTML 爬虫的容错。,B-support,补充推广,基金估值 API；适合 Python 自用脚本、看板、投资工具教程。,,,
16,hitokoto,一言 · 经典语录,GET,https://v1.apizero.cn/api/hitokoto,life,生活服务,免费试用 · 单次 0 积分,20 / s,500000,200000,,"c, min_length, max_length",https://apizero.cn/marketplace/hitokoto,https://apizero.cn/aidocs/hitokoto,https://apizero.cn/aidocs/hitokoto/raw.md,hitokoto,从 370+ 条经典语录库（动漫/漫画/游戏/文学/影视/诗词/哲学/网络等 12 类）随机返回一条，含原文、出处、作者、分类、字数。支持按分类与长度筛选。,D-inventory,先收录,先放入接口库，等站内调用量或搜索需求上来后再写专项内容。,,,
17,netease-comment,网易云热门乐评,POST,https://v1.apizero.cn/api/netease-comment,content,内容娱乐,免费试用 · 单次 0 积分,5 / s,50,30,,,https://apizero.cn/marketplace/netease-comment,https://apizero.cn/aidocs/netease-comment,https://apizero.cn/aidocs/netease-comment/raw.md,netease_comment,随机返回一条网易云音乐高赞热评，含歌曲信息（标题/作者/封面/试听）和评论详情。,D-inventory,先收录,先放入接口库，等站内调用量或搜索需求上来后再写专项内容。,,,
18,wzry,王者战力查询,GET,https://v1.apizero.cn/api/wzry,life,生活服务,免费试用 · 单次 0 积分,5 / s,200,50,action,"hero, hero_id, zone, type",https://apizero.cn/marketplace/wzry,https://apizero.cn/aidocs/wzry,https://apizero.cn/aidocs/wzry/raw.md,wzry,王者荣耀全国战力查询，一接口聚合「英雄列表 + 区服战力分布」2 大功能。 • action=heroes — 返回 130+ 个英雄完整目录（中文名 / ename / 称号 / 头像 URL），优先腾讯官方源 https://pvp.qq.com/web201605/js/herolist.json • action=query — 查询某英雄在某区服的全国战力分布数据，返回 90 条左右的省市区战力榜（含同地区相近排名） 支持 4 大区服： · aqq = Android QQ · awx = Android 微信 · iqq = iOS QQ · iwx = iOS 微信 查询类型： · all = 完整 heroList（按 level 混合排列，约 90 项） · min = 各级（省/市/区）最低战力 + 相近排名（rank ≤ +100） · max = 各级（省/市/区）最高战力 + 相近排名,D-inventory,先收录,先放入接口库，等站内调用量或搜索需求上来后再写专项内容。,,,
19,content-moderation,内容审核,POST,https://v1.apizero.cn/api/content-moderation,content,内容娱乐,免费试用 · 单次 0 积分,10 / s,500,100,,,https://apizero.cn/marketplace/content-moderation,https://apizero.cn/aidocs/content-moderation,https://apizero.cn/aidocs/content-moderation/raw.md,content_moderation,基于「敏感词库 + 正则规则 + AI 特征评分」三重策略检测文本中的色情 / 政治 / 广告 / 联系方式 / 引流 / 谩骂 6 大类敏感内容。识别变体绕过（谐音、拼音、符号替换），输出 safe/low/medium/high 风险等级，可选自动脱敏。,D-inventory,先收录,先放入接口库，等站内调用量或搜索需求上来后再写专项内容。,,,
20,brain-teaser,脑筋急转弯,GET,https://v1.apizero.cn/api/brain-teaser,life,生活服务,免费试用 · 单次 0 积分,20 / s,200000,10000,,,https://apizero.cn/marketplace/brain-teaser,https://apizero.cn/aidocs/brain-teaser,https://apizero.cn/aidocs/brain-teaser/raw.md,brain_teaser,从 4500+ 条本地题库随机返回一条脑筋急转弯，包含题目和答案。零上游依赖，毫秒级返回，适合聊天机器人、APP 互动模块。,D-inventory,先收录,先放入接口库，等站内调用量或搜索需求上来后再写专项内容。,,,
21,oil-price-forecast,今日油价,GET,https://v1.apizero.cn/api/oil-price-forecast,life,生活服务,免费试用 · 单次 0 积分,3 / s,10000,5000,,"action, province, year",https://apizero.cn/marketplace/oil-price-forecast,https://apizero.cn/aidocs/oil-price-forecast,https://apizero.cn/aidocs/oil-price-forecast/raw.md,oil_price_forecast,提供 32 省份基准油价（92/95/98 号汽油 + 0 号柴油），并基于新浪财经国际原油（WTI、布伦特）实时走势，预测下一次国内调价方向（涨/跌/搁浅）和幅度。附带 2025-2026 年完整调价窗口日历。,D-inventory,先收录,先放入接口库，等站内调用量或搜索需求上来后再写专项内容。,,,
22,gold,黄金价格查询,GET,https://v1.apizero.cn/api/gold,finance,金融数据,免费试用 · 单次 0 积分,5 / s,200,50,,type,https://apizero.cn/marketplace/gold,https://apizero.cn/aidocs/gold,https://apizero.cn/aidocs/gold/raw.md,gold,实时黄金价格聚合查询，一次返回三大维度的金价数据： • 国际黄金报价（4 项）：国际金价、国际铂金、国际银价、国际钯金，含最新价 / 涨跌额 / 涨跌幅 / 最高价 / 最低价 / 报价时间 • 国内黄金报价（7 项）：国内金价、国内银价、投资金条、黄金回收价格、铂金回收价格、18K 金回收价格、钯金回收价格 • 十大品牌金店金价（17 家）：内地周大福、周生生、六福珠宝、老凤祥、老庙黄金、中国黄金、周六福、菜百、明牌珠宝、潮宏基等十大品牌的当日黄金 / 铂金 / 金条价格（元/克） 通过参数 type 可只取某一类（all=全部，brand=品牌金店，international=国际，domestic=国内）。 基于 huangjinjiage.cn 数据源，已修复源码 GBK 编码乱码 bug，内建 10 分钟缓存。,D-inventory,先收录,先放入接口库，等站内调用量或搜索需求上来后再写专项内容。,,,
23,translate,文本翻译,GET,https://v1.apizero.cn/api/translate,content,内容娱乐,免费试用 · 单次 0 积分,5 / s,5000,2000,q,"from, to",https://apizero.cn/marketplace/translate,https://apizero.cn/aidocs/translate,https://apizero.cn/aidocs/translate/raw.md,translate,文本翻译，支持 19 种语言互译（含粤语/文言文）。参数 q 传入文本，from/to 指定语言代码，默认中文→英文。注意使用百度系语言代码：日语 jp、韩语 kor、法语 fra。,D-inventory,先收录,先放入接口库，等站内调用量或搜索需求上来后再写专项内容。,,,
24,ocr-text,OCR 文字识别,POST,https://v1.apizero.cn/api/ocr-text,ocrdata,文档识别,免费试用 · 单次 0 积分,2 / s,300,50,,,https://apizero.cn/marketplace/ocr-text,https://apizero.cn/aidocs/ocr-text,https://apizero.cn/aidocs/ocr-text/raw.md,ocr_text,"通用 OCR 文字识别，从图片中提取任意文字内容（中文/英文/数字/符号/手写体等），返回逐行文本列表 + 完整拼接文本。 • 双输入模式： - input_type=url：传入公网可访问的图片 URL（http/https） - input_type=base64：传入 base64 编码字符串（≤6MB，自动剥离 data:image/...;base64, 前缀） • 三路输出： - text_list：按原图顺序的逐行文本数组 - full_text：用换行符 \n 拼接的完整文本字符串 - text_count：识别到的文本行数 • 适用场景：截图转文字、表格识别、身份证/名片文字提取、字幕识别、笔记 OCR 等通用场景。专用发票识别请用 /api/invoice。 • OCR 结果缓存 1 小时（同图同结果），重复调用不消耗上游配额。",D-inventory,先收录,先放入接口库，等站内调用量或搜索需求上来后再写专项内容。,,,
25,baby-naming,八字起名,POST,https://v1.apizero.cn/api/baby-naming,life,生活服务,免费试用 · 单次 0 积分,2 / s,5000,3000,,,https://apizero.cn/marketplace/baby-naming,https://apizero.cn/aidocs/baby-naming,https://apizero.cn/aidocs/baby-naming/raw.md,baby_naming,输入父母姓氏与出生时间，基于「八字五行 + 五格数理 + 三才配置」综合评分生成高分名字候选，附寓意标签与全国重名预估。三个 action：naming（智能起名）/ duplicate（重名查询）/ bazi（八字查询）。内置 396 姓氏笔画 + 175 起名字 + 88 姓人口。,D-inventory,先收录,先放入接口库，等站内调用量或搜索需求上来后再写专项内容。,,,
26,express,快递物流查询,GET,https://v1.apizero.cn/api/express,life,生活服务,免费试用 · 单次 0 积分,5 / s,100,30,number,"com, phone",https://apizero.cn/marketplace/express,https://apizero.cn/aidocs/express,https://apizero.cn/aidocs/express/raw.md,express,"快递物流查询，支持顺丰、圆通、中通、申通、韵达、极兔、京东、EMS 等 100+ 主流快递公司，自动识别单号所属公司，返回完整物流轨迹。 基于 ALAPI 物流源，覆盖国内全部主流快递。支持「自动识别」（不传 com 参数即可）和「手动指定公司编码」两种模式。顺丰、中通因隐私保护需求，必须传手机号后 4 位（参数 phone）。 返回字段包含：单号、快递公司编码、公司中文名、状态码（0=未查到, 1=已揽收, 2=在途, 3=签收, 4=问题件）、状态描述、完整物流轨迹（按时间倒序，包含每条轨迹的时间和文字描述）。 建议前端轮询频率不超过每分钟 1 次，本接口已内建 5 分钟缓存以节省调用次数。",D-inventory,先收录,先放入接口库，等站内调用量或搜索需求上来后再写专项内容。,,,
27,image-enhance,AI 图片变清晰,POST,https://v1.apizero.cn/api/image-enhance,ai,AI 能力,免费试用 · 单次 0 积分,1 / s,10,0,,,https://apizero.cn/marketplace/image-enhance,https://apizero.cn/aidocs/image-enhance,https://apizero.cn/aidocs/image-enhance/raw.md,image_enhance,基于先进 AI 超分辨率算法的图片高清化服务。输入一张模糊 / 低分辨率图片 URL，约 4 秒内返回 4 倍超分辨率的高清版本（如 300×300 → 1200×1200），支持 JPEG / PNG / WebP / BMP 等主流格式。 【核心能力】 - 4 倍超分辨率（最大边自动放大约 4 倍） - 自动去噪 / 去糊 / 锐化细节 - 保留原图色彩与构图 - 适合老照片修复、缩略图放大、低质截图增强、网络图片优化 - 输出 JPEG 高质量（HD 模式） 【典型场景】 - 电商：商品低清图自动高清化 - 自媒体：老照片 / 截图修复用于配图 - 设计：素材尺寸不够时快速放大 - 视频缩略图、社交头像高清化 - 旧扫描件 / 截屏文字增强 【调用示例】 POST /api/image-enhance Content-Type: application/x-www-form-urlencoded img=https://example.com/your-blurry-image.jpg 【⚠️ 输入限制】 - 必须是 **公网可访问** 的 http/https URL（私有 OSS 链接需先签名） - 文件大小 ≤ 10 MB - 支持格式：JPEG / PNG / WebP / BMP 【⚠️ 输出说明】 - 返回的 enhanced_url 为平台代理 URL（自有域名，跨域友好） - 实际图片在 6 小时内有效，请尽快下载保存 - 平均响应 4~6 秒，复杂图片可能需要 10~30 秒 【计费说明】 登录用户每日 10 次免费体验，超出按点数扣费（详见控制台）。,D-inventory,先收录,先放入接口库，等站内调用量或搜索需求上来后再写专项内容。,,,
28,tts,TTS 语音合成,POST,https://v1.apizero.cn/api/tts,ai,AI 能力,免费试用 · 单次 0 积分,3 / s,30,10,,,https://apizero.cn/marketplace/tts,https://apizero.cn/aidocs/tts,https://apizero.cn/aidocs/tts/raw.md,tts,"对接 alapi.cn 文本转语音（TTS）服务，输入文本返回 base64 编码的 MP3 音频。 • **5 种音色**：女声主播 / 男声主播 / 男声说唱 / 女声四川话 / 男声低沉 • **500 字以内**：单次请求最多 500 字符（中英文均按 1 字符计） • **MP3 格式**：上游返回 audio/mpeg 编码，前端可直接 `<audio src=""data:audio/mpeg;base64,..."">` 播放 • **便利字段**：返回 audio_data_url（拼好的 data URL）+ audio_size_bytes（解码后字节数）+ audio_format / audio_mime • **典型场景**：新闻播报 / 短视频配音 / 有声书 / 语音通知 / 客服 IVR • **不缓存**：500 字音频约 1MB，重复合成概率低，避免 Redis 内存膨胀",D-inventory,先收录,先放入接口库，等站内调用量或搜索需求上来后再写专项内容。,,,
29,wzry-battle,王者荣耀战绩查询,POST,https://v1.apizero.cn/api/wzry-battle,content,内容娱乐,免费试用 · 单次 0 积分,2 / s,20,5,,,https://apizero.cn/marketplace/wzry-battle,https://apizero.cn/aidocs/wzry-battle,https://apizero.cn/aidocs/wzry-battle/raw.md,wzry_battle,通过王者营地小程序接口查询玩家战报，支持搜索玩家、查询角色列表、获取历史战绩与 KDA 统计。,D-inventory,先收录,先放入接口库，等站内调用量或搜索需求上来后再写专项内容。,,,
30,crazy-thursday,疯狂星期四文案,GET,https://v1.apizero.cn/api/crazy-thursday,life,生活服务,免费试用 · 单次 0 积分,5 / s,20000,10000,,"action, category, count",https://apizero.cn/marketplace/crazy-thursday,https://apizero.cn/aidocs/crazy-thursday,https://apizero.cn/aidocs/crazy-thursday/raw.md,crazy_thursday,随机返回一段脑洞大开的 KFC「疯狂星期四」文学。内置 52 条精选文案，覆盖情感/搞笑/职场/文艺/学术/古风/悬疑/科幻/鸡汤/日常 10 个分类。支持随机、批量、分类列表与疯四倒计时。,D-inventory,先收录,先放入接口库，等站内调用量或搜索需求上来后再写专项内容。,,,
31,content-extract,网页正文提取,GET,https://v1.apizero.cn/api/content-extract,dev,开发工具,免费试用 · 单次 0 积分,5 / s,10000,5000,url,,https://apizero.cn/marketplace/content-extract,https://apizero.cn/aidocs/content-extract,https://apizero.cn/aidocs/content-extract/raw.md,content_extract,从新闻、博客、公众号等网页抽取主体正文，自动去除导航/侧栏/广告/评论。基于文本密度算法，同时返回标题、发布时间、配图列表、字数与预估阅读时长。,B-support,补充推广,网页正文提取；适合 RAG、AI 摘要、内容采集前清洗。,,,
32,visits-counter,访问量计数器,GET,https://v1.apizero.cn/api/visits-counter,dev,开发工具,免费试用 · 单次 0 积分,10 / s,1000,500,,"site, name, mode, theme, format, length, no_increment",https://apizero.cn/marketplace/visits-counter,https://apizero.cn/aidocs/visits-counter,https://apizero.cn/aidocs/visits-counter/raw.md,visits_counter,SVG/JSON访问量计数器，支持多套动效主题卡片（咒纹夜/术式蓝焰/五条悟风/无量空处/宿傩咒印等），可嵌入GitHub README或网站。按站点隔离计数。,D-inventory,先收录,先放入接口库，等站内调用量或搜索需求上来后再写专项内容。,,,
33,doubao-image,豆包图片生成,POST,https://v1.apizero.cn/api/doubao-image,ai,AI 能力,按次付费 · 月套餐 · 单次 0 积分,2 / s,20,1,,,https://apizero.cn/marketplace/doubao-image,https://apizero.cn/aidocs/doubao-image,https://apizero.cn/aidocs/doubao-image/raw.md,doubao_image,基于字节跳动豆包 Seedream 3.0 大模型的高质量文生图服务，支持中英文混合提示词，平均 3~4 秒出图。 【核心能力】 - 影视级画质：擅长摄影、插画、电影感构图与中文场景理解 - 多种尺寸：方形 1024×1024、宽屏 1792×1024、竖屏 1024×1792 等 6 种主流分辨率 - 中文友好：原生理解中文语意，无需翻译为英文也能精准生成 【适用场景】 - 内容创作：插图、海报、Banner、社交媒体图片 - 营销素材：广告图、商品概念图、宣传背景 - 设计辅助：灵感参考、构图草稿、风格化展示 - 应用集成：聊天机器人配图、自媒体配图、AI 应用接入 【提示词建议】 - 推荐结构：主体 + 风格 + 构图 + 光线 + 氛围 - 示例：「一只赛博朋克猫在雨夜的霓虹街头，低角度，电影感，Wong Kar-Wai 风格」 - 越具体描述效果越好，可以指定材质、镜头、色调、画家风格等 - 建议 prompt 长度控制在 50~300 字符之间 【⚠️ 重要提示】 返回的图片 URL 是字节云 TOS 临时直链，**24 小时后失效**。请务必在有效期内： - 下载保存到本地 - 或转存到自己的对象存储（阿里 OSS / 腾讯 COS 等） - 不要长期引用此直链 【计费说明】 - 方形 1024×1024：约 4096 tokens - 宽屏 1792×1024 / 1080p：约 7168 tokens - 实际点数扣费请参考下方定价,D-inventory,先收录,先放入接口库，等站内调用量或搜索需求上来后再写专项内容。,,,
34,dns-check,DNS 劫持检测,GET,https://v1.apizero.cn/api/dns-check,dev,开发工具,免费试用 · 单次 0 积分,5 / s,2000,50,domain,,https://apizero.cn/marketplace/dns-check,https://apizero.cn/aidocs/dns-check,https://apizero.cn/aidocs/dns-check/raw.md,dns_check,通过 4 家公共 DoH（DNS over HTTPS）服务器并发查询同一域名，对比解析结果检测 DNS 是否被运营商劫持、终端 hosts 篡改或遭遇异常 GeoDNS 分流。 服务器列表： • AliDNS（阿里云 - 中国） • DNSPod（腾讯 - 中国） • 360 安全 DNS（中国） • Cloudflare（美国 - 在中国大陆服务器侧可能超时，会被标记为 timeout） 特性： • A + AAAA 记录同时查询（IPv4 / IPv6） • 提取 CNAME 链路（CDN 跳转可见） • TTL 信息汇总（缓存提示） • 智能风险分级算法：safe / safe_with_geodns / suspicious / hijack_likely / unknown • 支持各类输入：domain / https://domain / domain:port / domain/path（自动剥离）,D-inventory,先收录,先放入接口库，等站内调用量或搜索需求上来后再写专项内容。,,,
35,email-check,邮箱地址检测,GET,https://v1.apizero.cn/api/email-check,kyc,身份核验,免费试用 · 单次 0 积分,10 / s,500,100,email,,https://apizero.cn/marketplace/email-check,https://apizero.cn/aidocs/email-check,https://apizero.cn/aidocs/email-check/raw.md,email_check,"综合性邮箱质量评估接口，一次请求完成 6 项检测： ① RFC 5322 格式校验 ② 临时/一次性邮箱检测（基于 72,345 条开源域名库，3 个数据源合并去重） ③ MX 记录验证（用 AliDNS DoH，避开 PHP getmxrr 不稳定） ④ 拼写纠正（gmial.com → 提示 gmail.com） ⑤ 服务商识别（QQ邮箱/Gmail/网易/Outlook 等 40+ 主流邮箱） ⑥ 综合风险评分 0-100，附详细原因清单 典型用例：用户注册时的反垃圾邮箱过滤、邮件营销列表清洗、KYC 风控辅助。",D-inventory,先收录,先放入接口库，等站内调用量或搜索需求上来后再写专项内容。,,,
36,bus-realtime,实时公交到站,POST,https://v1.apizero.cn/api/bus-realtime,life,生活服务,免费试用 · 单次 0 积分,10 / s,1000,500,,,https://apizero.cn/marketplace/bus-realtime,https://apizero.cn/aidocs/bus-realtime,https://apizero.cn/aidocs/bus-realtime/raw.md,bus_realtime,输入城市和站名，实时查询该站各公交线路的到站信息：车牌、预计到站时间、剩余站数、票价、终点方向。 覆盖全国数百城市，支持双向查询（direction）。数据实时、结构清晰，适用于出行助手、公交小程序、生活服务集成等场景。完全免费。,B-support,补充推广,实时公交 API；适合城市出行小程序、通勤提醒工具。,,,
37,wallpaper,随机壁纸,GET,https://v1.apizero.cn/api/wallpaper,life,生活服务,免费试用 · 单次 0 积分,20 / s,10000,2000,,"category, resolution, count",https://apizero.cn/marketplace/wallpaper,https://apizero.cn/aidocs/wallpaper,https://apizero.cn/aidocs/wallpaper/raw.md,wallpaper,"对接 360 公开壁纸库，16 个分类 × 7 种分辨率（含 1920×1080 原图）随机壁纸。 • **16 个分类**：美女 / 风景 / 游戏 / 影视 / 时尚 / 明星 / 汽车 / 萌宠 / 清新 / 体育 / 萌娃 / 军事 / 动漫 / 日历 / 爱情 / 格言 • **7 种分辨率**：1920×1080（原图）/ 1600×900 / 1440×900 / 1366×768 / 1280×800 / 1280×1024 / 1024×768 • **修复源码 BUG**：源码注释默认 1920×1080 但代码默认 1600×900 且 resMap 缺 1920×1080 → 现已用上游 url 字段返回真正 1920×1080 原图 • **修复源码 BUG**：源码 tag 字段返回内部标记（如 `_category_海洋天堂_`）不可读 → 现已拆分 utag 输出为 tags 数组（如 `['海洋天堂','日出东方','松树','海岛']`） • **修复源码 BUG**：上游图片 URL 是 http:// → 现已强制改写为 https://，避免 HTTPS 站点混合内容警告 • **缓存优化**：上游响应按 (cid, start_bucket) 缓存 1h，shuffle 在本地做，**节省 80% 上游请求同时保证随机性** • **典型场景**：登录页背景 / 桌面壁纸应用 / 文章封面图 / 小程序首页轮播",D-inventory,先收录,先放入接口库，等站内调用量或搜索需求上来后再写专项内容。,,,
38,text-similarity,文本相似度,POST,https://v1.apizero.cn/api/text-similarity,dev,开发工具,免费试用 · 单次 0 积分,10 / s,50000,10000,,,https://apizero.cn/marketplace/text-similarity,https://apizero.cn/aidocs/text-similarity,https://apizero.cn/aidocs/text-similarity/raw.md,text_similarity,纯本地计算的文本相似度比对，输入两段文本（每段 ≤ 5000 字）输出 4 种相似度指标 + 加权综合评分 + 5 级评级。 • **零延迟零成本**：纯 PHP 本地计算，无外部上游依赖，平均响应 < 100ms • **4 种指标**：余弦相似度（35%）+ Jaccard 系数（25%）+ 编辑距离归一化（20%）+ LCS 比率（20%） • **5 级评级**：几乎相同 / 高度相似 / 中度相似 / 轻度相似 / 差异较大 • **修复源码 bug**：自实现 mb_levenshtein 字符级编辑距离，杜绝 PHP 内置 levenshtein 按字节计算导致的 85 汉字崩溃问题 • **超长保护**：超过 500 字符自动截取并按比例还原，5000×5000 字符比对约 60-80ms • **典型场景**：评论查重、AI 生成内容检测、多语言翻译质量评估、客服话术匹配,D-inventory,先收录,先放入接口库，等站内调用量或搜索需求上来后再写专项内容。,,,
39,unshort,短链还原,GET,https://v1.apizero.cn/api/unshort,dev,开发工具,免费试用 · 单次 0 积分,5 / s,2000,300,url,max_hops,https://apizero.cn/marketplace/unshort,https://apizero.cn/aidocs/unshort,https://apizero.cn/aidocs/unshort/raw.md,unshort,完整还原一个短链的全部跳转链路，输出每跳的状态码、跳转方式（Location/Meta-Refresh）和耗时。适合钓鱼链接溯源、推广短链分析、二维码内容核对。,D-inventory,先收录,先放入接口库，等站内调用量或搜索需求上来后再写专项内容。,,,
40,risk-score,综合风控评分,POST,https://v1.apizero.cn/api/risk-score,kyc,身份核验,按次付费 · 单次 0 积分,2 / s,200,10,,,https://apizero.cn/marketplace/risk-score,https://apizero.cn/aidocs/risk-score,https://apizero.cn/aidocs/risk-score/raw.md,risk_score,输入手机号 / IP / 邮箱，秒级输出 0~100 风险分与放行/二次验证/拦截建议，专治注册薅羊毛、批量养号、营销作弊。三维信号：手机号识别虚拟运营商与物联网卡号段，IP 识别代理/VPN/机房与风险分，邮箱识别临时邮箱与 MX 异常。一次调用拿到可直接用于业务决策的结论。,D-inventory,先收录,先放入接口库，等站内调用量或搜索需求上来后再写专项内容。,,,
41,nine-grid-cutter,九宫格切图,POST,https://v1.apizero.cn/api/nine-grid-cutter,dev,开发工具,免费试用 · 单次 0 积分,2 / s,5000,2000,,,https://apizero.cn/marketplace/nine-grid-cutter,https://apizero.cn/aidocs/nine-grid-cutter,https://apizero.cn/aidocs/nine-grid-cutter/raw.md,nine_grid_cutter,上传一张图片（multipart 文件 / base64 / URL 三选一），自动居中裁切为正方形后均分为 N×N 宫格小图，按朋友圈发图顺序返回（左到右、上到下编号 1..N²）。支持 2×2 / 3×3 / 4×4，可设置切片间留白，输出 base64 数组或直接下载 zip。,D-inventory,先收录,先放入接口库，等站内调用量或搜索需求上来后再写专项内容。,,,
42,mobile,手机号归属地,GET,https://v1.apizero.cn/api/mobile,life,生活服务,免费试用 · 单次 0 积分,10 / s,30000,5000,mobile,,https://apizero.cn/marketplace/mobile,https://apizero.cn/aidocs/mobile,https://apizero.cn/aidocs/mobile/raw.md,mobile,通过 11 位中国大陆手机号查询归属省份/城市与运营商，支持移动/联通/电信主流号段及虚拟运营商号段（170/171/174 等）。 • 严格 11 位手机号校验：`^1[3-9]\d{9}$`，非法号码直接返回 4000 • 双形态响应：查询成功 → is_found=true 含 province/carrier；号段未收录 → is_found=false 字段为空（非错误，前端可直接 if 判断） • 缓存策略：成功结果 7 天（号段分配静态稳定）；未查询到 1 小时（避免长期误判新放号段） • 隐私保护：错误日志中手机号自动脱敏（138****0000）,D-inventory,先收录,先放入接口库，等站内调用量或搜索需求上来后再写专项内容。,,,
43,icp,ICP 备案查询,GET,https://v1.apizero.cn/api/icp,dev,开发工具,免费试用 · 单次 0 积分,5 / s,100,30,domain,,https://apizero.cn/marketplace/icp,https://apizero.cn/aidocs/icp,https://apizero.cn/aidocs/icp/raw.md,icp,通过域名查询工信部 ICP 备案信息，返回备案号、网站名称、主办单位、单位性质（企业/个人/事业单位等）和审核通过时间。 • 自动域名清洗：自动剥离 https?:// 协议、/path 路径、:port 端口、www. 前缀，无论传入 https://www.baidu.com/abc 还是 baidu.com 都正确识别 • 已备案 → is_filed=true，返回完整 6 字段；未备案/境外/已注销 → is_filed=false，返回空字段（非错误，便于前端 if 判断） • 缓存策略：已备案 24 小时缓存（变更频率低），未备案 1 小时缓存（避免新备案被长期误判）,D-inventory,先收录,先放入接口库，等站内调用量或搜索需求上来后再写专项内容。,,,
44,bencao,本草纲目·中药查询,GET,https://v1.apizero.cn/api/bencao,life,生活服务,免费试用 · 单次 0 积分,10 / s,10000,1000,msg,,https://apizero.cn/marketplace/bencao,https://apizero.cn/aidocs/bencao,https://apizero.cn/aidocs/bencao/raw.md,bencao,传统中药材知识查询接口，覆盖《本草纲目》及常见中药材数据。输入药材名称（如「人参」「丁香」「甘草」「枸杞」），返回该药材的释名、气味、主治、附方等详细记载。 【典型场景】 - 中医养生 / 食疗 App 的药材百科 - 中药知识科普类小程序 - AI 中医问诊辅助参考 - 古籍数字化项目 - 国学 / 中医文化教学 【调用示例】 GET /api/bencao?msg=人参 GET /api/bencao?msg=丁香 GET /api/bencao?msg=甘草 【模糊匹配】 - 精确名称查得到 → 直接返回详情（matched=exact） - 找不到时返回 4040 + suggestions 数组（最多 10 个相关建议） - 比如查「人参枸杞」会建议「人参、枸杞」等单味药 【⚠️ 数据来源说明】 本接口数据整理自《本草纲目》及网络公开整理资料，仅供学习参考；中医药疗用请遵医嘱。,D-inventory,先收录,先放入接口库，等站内调用量或搜索需求上来后再写专项内容。,,,
45,address-parse,中文地址解析,POST,https://v1.apizero.cn/api/address-parse,geo,地理位置,免费试用 · 单次 0 积分,20 / s,1000,100,,,https://apizero.cn/marketplace/address-parse,https://apizero.cn/aidocs/address-parse,https://apizero.cn/aidocs/address-parse/raw.md,address_parse,一行 API 从中文地址字符串中提取「省市区街道 + 详细地址 + 姓名 + 手机号 + 邮编」。 适用场景：电商收货地址自动拆分、快递下单页智能填充、CRM 客户资料清洗、办公地址结构化入库。 特点：纯本地正则算法，无任何上游依赖，毫秒级响应；支持 34 个省级行政区及其简称识别（如「北京」→「北京市」、「新疆」→「新疆维吾尔自治区」）；支持快递场景下「张三 138xxxxxxxx 上海市浦东新区xx路xx号 200000」这类混合输入的自动拆分。,D-inventory,先收录,先放入接口库，等站内调用量或搜索需求上来后再写专项内容。,,,
46,hash,哈希加密计算,GET,https://v1.apizero.cn/api/hash,dev,开发工具,免费试用 · 单次 0 积分,20 / s,1000,200,text,"algorithm, encoding, hmac_key",https://apizero.cn/marketplace/hash,https://apizero.cn/aidocs/hash,https://apizero.cn/aidocs/hash/raw.md,hash,哈希加密计算，支持 12 种主流算法，可一次性返回全部，也可指定单个算法。支持 HMAC 签名模式与 hex / base64 双输出编码，毫秒级返回。 • 通用摘要：MD5、SHA-1、SHA-256、SHA-384、SHA-512 • 现代抗碰撞：SHA3-256、SHA3-512、RIPEMD-160、Whirlpool • 校验和：CRC32、CRC32B、Adler-32 • HMAC 签名：传入 hmac_key 自动切换为 HMAC 模式（用于 API 签名 / 防篡改场景） • 输出编码：hex（默认，更可读）/ base64（节省 25% 字节，适合 URL 传输） 纯本地计算，零外部上游依赖，毫秒级响应。HMAC 密钥仅参与计算，不写日志、不缓存、不回显。,D-inventory,先收录,先放入接口库，等站内调用量或搜索需求上来后再写专项内容。,,,
47,yiyan,一言（简版）,GET,https://v1.apizero.cn/api/yiyan,life,生活服务,免费试用 · 单次 0 积分,20 / s,500000,200000,,format,https://apizero.cn/marketplace/yiyan,https://apizero.cn/aidocs/yiyan,https://apizero.cn/aidocs/yiyan/raw.md,yiyan,hitokoto 的精简版：纯文本随机一句，不带分类/出处。同时支持 format=text 直接返回纯文本（适合站点页脚、小程序欢迎语等装饰场景）。,D-inventory,先收录,先放入接口库，等站内调用量或搜索需求上来后再写专项内容。,,,
48,jd-address,京东地址解析（4 级）,POST,https://v1.apizero.cn/api/jd-address,geo,地理位置,免费试用 · 单次 0 积分,5 / s,1000,10,,,https://apizero.cn/marketplace/jd-address,https://apizero.cn/aidocs/jd-address,https://apizero.cn/aidocs/jd-address/raw.md,jd_address,调用京东地址智能识别接口，将自然语言地址解析为「省/市/区/镇」四级行政区划，并返回每级对应的京东 ID。比传统三级行政区划接口多一个「镇」级别。,D-inventory,先收录,先放入接口库，等站内调用量或搜索需求上来后再写专项内容。,,,
49,holiday,中国法定节假日,GET,https://v1.apizero.cn/api/holiday,life,生活服务,免费试用 · 单次 0 积分,20 / s,10000,1000,,,https://apizero.cn/marketplace/holiday,https://apizero.cn/aidocs/holiday,https://apizero.cn/aidocs/holiday/raw.md,holiday,查询中国法定节假日安排，包含放假日期和调休日期，支持2020-2030年,D-inventory,先收录,先放入接口库，等站内调用量或搜索需求上来后再写专项内容。,,,
50,invoice,增值税发票识别,POST,https://v1.apizero.cn/api/invoice,ocrdata,文档识别,免费试用 · 单次 0 积分,2 / s,300,50,,,https://apizero.cn/marketplace/invoice,https://apizero.cn/aidocs/invoice,https://apizero.cn/aidocs/invoice/raw.md,invoice,"增值税发票 OCR 识别，支持增值税专用发票、普通发票、电子普票，输出 22+ 个结构化字段。 • 双输入模式： - input_type=url：传入公网可访问的图片 URL（http/https） - input_type=base64：传入 base64 编码字符串（≤6MB，自动剥离 data:image/...;base64, 前缀） • 完整识别字段： - 发票基本：发票名称、代码、号码、开票日期、校验码、机器编号 - 金额：价税合计、税额、不含税金额、大写金额 - 购销方：名称、纳税人识别号、地址电话、开户行账号 - 经办人：收款人、复核人、开票人 - 商品明细：items 数组，含品名/规格/数量/单价/金额/税率/税额 - 备注与盖章信息 • OCR 结果缓存 1 小时（同图同结果），减少重复调用消耗。",D-inventory,先收录,先放入接口库，等站内调用量或搜索需求上来后再写专项内容。,,,
51,douyin-user,抖音用户公开信息,GET,https://v1.apizero.cn/api/douyin-user,content,内容娱乐,免费试用 · 单次 0 积分,5 / s,1000,200,url,,https://apizero.cn/marketplace/douyin-user,https://apizero.cn/aidocs/douyin-user,https://apizero.cn/aidocs/douyin-user/raw.md,douyin_user,通过抖音用户主页链接（短链或长链），获取昵称、头像、签名、作品数、粉丝数、关注数、获赞总数等公开信息。自动展开 v.douyin.com 短链。,D-inventory,先收录,先放入接口库，等站内调用量或搜索需求上来后再写专项内容。,,,
52,dns-query,DNS 记录查询,GET,https://v1.apizero.cn/api/dns-query,dev,开发工具,免费试用 · 单次 0 积分,10 / s,500,100,host,type,https://apizero.cn/marketplace/dns-query,https://apizero.cn/aidocs/dns-query,https://apizero.cn/aidocs/dns-query/raw.md,dns_query,查询域名的各类 DNS 记录，支持 A / AAAA / NS / CNAME / MX / TXT / CAA / SOA 共 8 种标准类型，以及 ANY（一次返回所有类型）。 ✨ 特色： • 不依赖第三方工具站，完全自建 — 3 家国内 DoH 并发（AliDNS / DNSPod / 360） • 所有记录结构化解析：MX 拆 priority/exchange、CAA 拆 flags/tag/value、SOA 拆 mname/serial/... • 多家结果合并去重 + 各记录标注来自哪些 DoH（sources 字段） • 兼容数字 qtype（如 1=A / 15=MX / 257=CAA），不破坏旧调用方式 • ANY 模式：单次请求拿到域名的全部 DNS 配置，免去多次查询,D-inventory,先收录,先放入接口库，等站内调用量或搜索需求上来后再写专项内容。,,,
53,cdn-ips,CDN 优选 IP,GET,https://v1.apizero.cn/api/cdn-ips,dev,开发工具,免费试用 · 单次 0 积分,10 / s,2000,100,"server, type",,https://apizero.cn/marketplace/cdn-ips,https://apizero.cn/aidocs/cdn-ips,https://apizero.cn/aidocs/cdn-ips/raw.md,cdn_ips,获取主流 CDN 服务商的官方公网 IP 段（CIDR）列表。当前支持 CloudFlare、AWS CloudFront、Gcore 三家，覆盖 IPv4 与 IPv6。常用于 CDN 优选、反向代理、流量分流、防火墙白名单等运维场景。,D-inventory,先收录,先放入接口库，等站内调用量或搜索需求上来后再写专项内容。,,,
54,webmeta,网页元数据提取,GET,https://v1.apizero.cn/api/webmeta,dev,开发工具,免费试用 · 单次 0 积分,5 / s,10000,5000,url,,https://apizero.cn/marketplace/webmeta,https://apizero.cn/aidocs/webmeta,https://apizero.cn/aidocs/webmeta/raw.md,webmeta,提取网页的标题、描述、关键词、OG/Twitter Card、favicon，并自动识别使用的 30+ 项技术栈（React/Vue/Next.js/WordPress/Cloudflare 等）。适合 SEO 检测、技术调研、链接预览。,B-support,补充推广,网页 Meta 信息提取；适合链接预览、采集前预处理、站点分析。,,,
55,bodyfat,体脂率与 BMI 计算,GET,https://v1.apizero.cn/api/bodyfat,life,生活服务,免费试用 · 单次 0 积分,20 / s,200000,100000,"weight, height, waist, gender",age,https://apizero.cn/marketplace/bodyfat,https://apizero.cn/aidocs/bodyfat,https://apizero.cn/aidocs/bodyfat/raw.md,bodyfat,一站式综合计算 BMI、体脂率（Deurenberg 公式）、基础代谢率（Mifflin-St Jeor）、理想体重区间、腰围身高比与健康风险评估。男女区分阈值，附带专业建议。,D-inventory,先收录,先放入接口库，等站内调用量或搜索需求上来后再写专项内容。,,,
56,traffic-weather-alert,限行天气联动,GET,https://v1.apizero.cn/api/traffic-weather-alert,life,生活服务,免费试用 · 单次 0 积分,3 / s,10000,5000,city,action,https://apizero.cn/marketplace/traffic-weather-alert,https://apizero.cn/aidocs/traffic-weather-alert,https://apizero.cn/aidocs/traffic-weather-alert/raw.md,traffic_weather_alert,输入国内城市拼音（兼容中文），返回当天的限行尾号。如遇暴雨/台风等恶劣天气，附加居家办公建议。覆盖北京、天津、成都、杭州、贵阳、长春 6 个限行城市，天气支持所有国内主要城市。,D-inventory,先收录,先放入接口库，等站内调用量或搜索需求上来后再写专项内容。,,,
57,ssl,SSL 证书检测,GET,https://v1.apizero.cn/api/ssl,dev,开发工具,免费试用 · 单次 0 积分,5 / s,10000,3000,domain,,https://apizero.cn/marketplace/ssl,https://apizero.cn/aidocs/ssl,https://apizero.cn/aidocs/ssl/raw.md,ssl,通过域名远程探测其 HTTPS/SSL 证书信息：颁发者、颁发机构、签名算法、覆盖域名、有效期、是否过期、距过期天数、SHA-1 指纹、远端 IP 等。 • 智能预处理：自动剥离 http(s):// 前缀、路径、查询串、端口、www. 子域 • 严格域名校验：合法域名格式（最长 253 字符 + RFC 1123 标签规则）才打上游 • 三态响应：有 SSL（is_ssl=true）→ 完整信息；无 SSL/连接失败 → is_ssl=false 其余字段 null；上游异常 → 502 • 字段标准化：上游 null 字段透传 null 不补 0；自动转 int/string 类型；is_expire 重命名 is_expired • 缓存策略：成功 6h（证书短期不变）；无证书 30min（避免错误域名反复打上游）,B-support,补充推广,SSL 证书查询；适合站长工具、证书到期提醒。,,,
58,idcard-region,身份证归属地查询,GET,https://v1.apizero.cn/api/idcard-region,kyc,身份核验,免费试用 · 单次 0 积分,10 / s,1000,300,idcard,,https://apizero.cn/marketplace/idcard-region,https://apizero.cn/aidocs/idcard-region,https://apizero.cn/aidocs/idcard-region/raw.md,idcard_region,根据身份证号前 6 位查询省/市/区三级归属地。支持完整 18 位身份证号自动脱敏回显。省份数据按需从 CDN 拉取并本地缓存 30 天，网关 Redis 缓存 24h。,D-inventory,先收录,先放入接口库，等站内调用量或搜索需求上来后再写专项内容。,,,
59,blood-type,血型遗传查询,GET,https://v1.apizero.cn/api/blood-type,life,生活服务,免费试用 · 单次 0 积分,20 / s,20000,10000,"father, mother",,https://apizero.cn/marketplace/blood-type,https://apizero.cn/aidocs/blood-type,https://apizero.cn/aidocs/blood-type/raw.md,blood_type,根据父母血型查询子女可能/不可能的血型。基于 ABO 显性遗传规律，覆盖全部 16 种父母组合，毫秒级返回。常用于科普教育、亲子问答场景。,D-inventory,先收录,先放入接口库，等站内调用量或搜索需求上来后再写专项内容。,,,
60,browser-fingerprint,浏览器指纹风控,POST,https://v1.apizero.cn/api/browser-fingerprint,dev,开发工具,免费试用 · 单次 0 积分,5 / s,200,50,,,https://apizero.cn/marketplace/browser-fingerprint,https://apizero.cn/aidocs/browser-fingerprint,https://apizero.cn/aidocs/browser-fingerprint/raw.md,browser_fingerprint,接收前端 SDK 采集的浏览器指纹（UA / Canvas / WebGL / 字体 / 时区 / 硬件 / WebDriver / 自动化标记等 20+ 维度），综合 9 类规则输出 0-100 风险评分、等级（safe/low/medium/high/critical）、命中的风险因子和异常项，识别爬虫、Headless Chrome、Selenium、虚拟机等异常环境。,D-inventory,先收录,先放入接口库，等站内调用量或搜索需求上来后再写专项内容。,,,
61,cf-dns,Cloudflare DNS 更新（DDNS）,POST,https://v1.apizero.cn/api/cf-dns,dev,开发工具,免费试用 · 单次 0 积分,5 / s,5000,1000,,,https://apizero.cn/marketplace/cf-dns,https://apizero.cn/aidocs/cf-dns,https://apizero.cn/aidocs/cf-dns/raw.md,cf_dns,通过用户自有的 Cloudflare API Token 更新指定域名的 A/AAAA 记录。家庭宽带 DDNS、办公室外网 IP 自动同步等场景必备。Token 仅作转发使用，不持久化。,D-inventory,先收录,先放入接口库，等站内调用量或搜索需求上来后再写专项内容。,,,
62,bank-card,银行卡BIN查询,GET,https://v1.apizero.cn/api/bank-card,finance,金融数据,免费试用 · 单次 0 积分,20 / s,10000,1000,,,https://apizero.cn/marketplace/bank-card,https://apizero.cn/aidocs/bank-card,https://apizero.cn/aidocs/bank-card/raw.md,bank_card,根据银行卡号前6位查询发卡行、卡类型、卡品牌等信息,D-inventory,先收录,先放入接口库，等站内调用量或搜索需求上来后再写专项内容。,,,
63,food-license,食品经营许可证识别,POST,https://v1.apizero.cn/api/food-license,ocrdata,文档识别,免费试用 · 单次 0 积分,2 / s,200,50,,,https://apizero.cn/marketplace/food-license,https://apizero.cn/aidocs/food-license,https://apizero.cn/aidocs/food-license/raw.md,food_license,上传食品经营许可证图片（URL 或 base64），自动识别证件字段，包括许可证编号、经营者名称、法定代表人、经营场所、主体业态、经营项目、有效期等共 13 个字段。适用于企业资质审核、供应链合规验证等场景。,D-inventory,先收录,先放入接口库，等站内调用量或搜索需求上来后再写专项内容。,,,
64,douban-movie,豆瓣电影信息,GET,https://v1.apizero.cn/api/douban-movie,content,内容娱乐,免费试用 · 单次 0 积分,5 / s,1000,300,id,,https://apizero.cn/marketplace/douban-movie,https://apizero.cn/aidocs/douban-movie,https://apizero.cn/aidocs/douban-movie/raw.md,douban_movie,通过豆瓣 ID 或 URL 查询电影详情：评分、导演、演员、类型、地区、片长、集数（剧集）、热门短评等。基于豆瓣公开 JSON API。,D-inventory,先收录,先放入接口库，等站内调用量或搜索需求上来后再写专项内容。,,,
65,text-censor,文本审核,POST,https://v1.apizero.cn/api/text-censor,content,内容娱乐,免费试用 · 单次 0 积分,5 / s,100,30,,,https://apizero.cn/marketplace/text-censor,https://apizero.cn/aidocs/text-censor,https://apizero.cn/aidocs/text-censor/raw.md,text_censor,对文本进行多维度违规内容审核，覆盖政治敏感、谩骂、色情、违规广告、暴恐、低俗等类别，返回审核结论 + 命中违规词详情列表。 • 5000 字以内（中英文均按 1 字符计），单次请求审核 • 三态结论：合规（is_compliant=true）/ 不合规（is_compliant=false）/ 疑似（is_suspected=true，需人工复核） • 详细命中信息：每条违规含 category（类别）/ word（触发词）/ level（等级）/ msg（说明） • 衍生字段：violations（去重违规词数组）/ violation_categories（命中类别去重）/ violation_count（违规条数），前端可直接展示「触发 X 项违规：政治、谩骂…」 • 隐私保护：缓存 key 用 sha256 哈希，原文不进入 key；错误日志不记录文本内容,D-inventory,先收录,先放入接口库，等站内调用量或搜索需求上来后再写专项内容。,,,
66,earthquake,全球地震速报,POST,https://v1.apizero.cn/api/earthquake,life,生活服务,免费试用 · 单次 0 积分,10 / s,1000,500,,,https://apizero.cn/marketplace/earthquake,https://apizero.cn/aidocs/earthquake,https://apizero.cn/aidocs/earthquake/raw.md,earthquake,汇聚全球地震监测数据，按时间范围与震级档位查询近期地震事件，返回震级、震源深度、经纬度、发生时间、烈度、海啸提示与警报级别等结构化信息。 支持按 hour/day/week/month 时间范围与 all/significant/4.5/2.5/1.0 震级档位组合查询，可再按最小震级过滤、按时间或震级排序并限制返回条数。数据每分钟更新（网关缓存 60 秒），适合地震速报播报、防灾监控大屏、科研数据采集等场景。地名为国际标准英文描述，覆盖全球（含中国境内较大地震）。,D-inventory,先收录,先放入接口库，等站内调用量或搜索需求上来后再写专项内容。,,,
67,ocr-idcard,身份证识别,POST,https://v1.apizero.cn/api/ocr-idcard,ocrdata,文档识别,免费试用 · 单次 0 积分,2 / s,20,0,,,https://apizero.cn/marketplace/ocr-idcard,https://apizero.cn/aidocs/ocr-idcard,https://apizero.cn/aidocs/ocr-idcard/raw.md,ocr_idcard,上传身份证正面或反面图片（URL 或 base64），自动识别并结构化返回姓名、身份证号、性别、民族、出生日期、地址、签发机关、有效期等 10 个字段。 支持正反面自动判断，适用于实名认证、用户信息录入、KYC 核验辅助等场景。需要登录后使用，保护用户隐私。,D-inventory,先收录,先放入接口库，等站内调用量或搜索需求上来后再写专项内容。,,,
68,site-check,网站测速诊断,GET,https://v1.apizero.cn/api/site-check,dev,开发工具,免费试用 · 单次 0 积分,2 / s,5000,1000,url,,https://apizero.cn/marketplace/site-check,https://apizero.cn/aidocs/site-check,https://apizero.cn/aidocs/site-check/raw.md,site_check,测量网站的 DNS 解析、TCP 连接、SSL 握手、TTFB、总耗时，跟踪重定向链并提取 SSL 证书摘要、命中 IP/端口、页面体积。一次请求 6 大维度全监测。,D-inventory,先收录,先放入接口库，等站内调用量或搜索需求上来后再写专项内容。,,,
69,code-beautify,代码美化图片,POST,https://v1.apizero.cn/api/code-beautify,dev,开发工具,免费试用 · 单次 0 积分,3 / s,3000,2000,,,https://apizero.cn/marketplace/code-beautify,https://apizero.cn/aidocs/code-beautify,https://apizero.cn/aidocs/code-beautify/raw.md,code_beautify,将代码片段渲染为精美的SVG/PNG卡片图片。支持16种编程语言语法高亮、8套设计主题，适合社交分享和技术文档配图。,D-inventory,先收录,先放入接口库，等站内调用量或搜索需求上来后再写专项内容。,,,
70,desensitize,数据脱敏（敏感信息掩码）,POST,https://v1.apizero.cn/api/desensitize,content,内容娱乐,免费试用 · 单次 0 积分,10 / s,200,50,,,https://apizero.cn/marketplace/desensitize,https://apizero.cn/aidocs/desensitize,https://apizero.cn/aidocs/desensitize/raw.md,desensitize,自动检测并脱敏文本中的手机号、身份证（15/18 位）、银行卡（16-19 位）、邮箱、中文姓名等敏感信息。支持按类型组合，纯本地正则匹配，毫秒级返回。默认不回显原文，避免日志泄漏。,D-inventory,先收录,先放入接口库，等站内调用量或搜索需求上来后再写专项内容。,,,
71,ios-cert,iOS 证书与描述文件检测,POST,https://v1.apizero.cn/api/ios-cert,dev,开发工具,免费试用 · 单次 0 积分,5 / s,10000,5000,,,https://apizero.cn/marketplace/ios-cert,https://apizero.cn/aidocs/ios-cert,https://apizero.cn/aidocs/ios-cert/raw.md,ios_cert,解析 .p12 证书与 .mobileprovision 描述文件，输出证书有效期、吊销状态、Team ID、证书类型（开发/分发/企业）、设备列表、25 项 entitlements 权限以及证书与描述文件匹配性验证。iOS 开发者必备。,D-inventory,先收录,先放入接口库，等站内调用量或搜索需求上来后再写专项内容。,,,
72,csdn-profile,CSDN 博主信息,GET,https://v1.apizero.cn/api/csdn-profile,content,内容娱乐,免费试用 · 单次 0 积分,5 / s,1000,200,username,,https://apizero.cn/marketplace/csdn-profile,https://apizero.cn/aidocs/csdn-profile,https://apizero.cn/aidocs/csdn-profile/raw.md,csdn_profile,通过 CSDN 用户名查询博主公开档案：昵称、头像、码龄、博客等级、原创数、粉丝数、博客排名、IP 属地、原力等级、勋章列表与成就明细。,D-inventory,先收录,先放入接口库，等站内调用量或搜索需求上来后再写专项内容。,,,
73,site-security,网站安全综合评分,GET,https://v1.apizero.cn/api/site-security,dev,开发工具,免费试用 · 单次 0 积分,2 / s,3000,1000,domain,,https://apizero.cn/marketplace/site-security,https://apizero.cn/aidocs/site-security,https://apizero.cn/aidocs/site-security/raw.md,site_security,五维加权综合评分：SSL 证书 (25%) + 域名安全 (20%) + ICP 备案 (20%) + 微信/QQ 拦截 (15%) + 网站性能 (20%)，总分 0-100，对应 A/B/C/D/F 五级。一次请求得到全面诊断报告。,D-inventory,先收录,先放入接口库，等站内调用量或搜索需求上来后再写专项内容。,,,
74,company-profile,企业档案深度查询,POST,https://v1.apizero.cn/api/company-profile,kyc,身份核验,按次付费 · 单次 0 积分,5 / s,3,1,,,https://apizero.cn/marketplace/company-profile,https://apizero.cn/aidocs/company-profile,https://apizero.cn/aidocs/company-profile/raw.md,company_profile,输入企业名称，返回单个企业的多维度深度工商档案：工商基本信息、股东结构、主要成员、对外投资、历史变更记录，以及六大类风险信息（被执行、失信被执行、限制高消费、经营异常、严重违法、行政处罚）。并附企业规模标签、经营状态、成立年限、活力评分与自然语言摘要。 区别于「企业工商信息查询」的关键词列表检索，本接口面向单一企业的深度尽调，支持按维度组合按需查询，适用于商业尽调、合作方背调、风控审查等场景。数据来自权威工商数据库，6 小时缓存。,D-inventory,先收录,先放入接口库，等站内调用量或搜索需求上来后再写专项内容。,,,
75,bili-dynamic,B 站用户动态,GET,https://v1.apizero.cn/api/bili-dynamic,content,内容娱乐,免费试用 · 单次 0 积分,5 / s,1000,200,uid,,https://apizero.cn/marketplace/bili-dynamic,https://apizero.cn/aidocs/bili-dynamic,https://apizero.cn/aidocs/bili-dynamic/raw.md,bili_dynamic,通过 B 站官方公开 API 拉取指定用户的最新动态列表（视频投稿/图文/纯文本/转发等），含发布时间、文本、视频/图片附件、点赞/评论/转发统计。,D-inventory,先收录,先放入接口库，等站内调用量或搜索需求上来后再写专项内容。,,,
76,domain-trade,域名交易市场,GET,https://v1.apizero.cn/api/domain-trade,finance,金融数据,免费试用 · 单次 0 积分,5 / s,1000,200,,"page, pagesize, max_price, max_length, suffix, sale_type",https://apizero.cn/marketplace/domain-trade,https://apizero.cn/aidocs/domain-trade,https://apizero.cn/aidocs/domain-trade/raw.md,domain_trade,拉取 EDNS 域名交易市场公开数据，支持按价格、长度、后缀、交易类型筛选。适合站长扫货短米、行业研究、域名估值参考。,D-inventory,先收录,先放入接口库，等站内调用量或搜索需求上来后再写专项内容。,,,
77,oil-price,全国油价,POST,https://v1.apizero.cn/api/oil-price,life,生活服务,免费试用 · 单次 0 积分,10 / s,1000,500,,,https://apizero.cn/marketplace/oil-price,https://apizero.cn/aidocs/oil-price,https://apizero.cn/aidocs/oil-price/raw.md,oil_price,查询全国各省 92/95/98 号汽油及 0 号柴油的今日最新价格。 覆盖 31 个大陆省级行政区，返回汽柴油零售限价、数据更新日期、下次调价时间及后续涨跌预测。支持省份简称或全称（如「广东」「广东省」「内蒙古」），也支持常见城市名自动归属到所在省（如「广州」→ 广东）；同省内各城市油价一致。数据仅供参考，实际价格以当地加油站为准。,D-inventory,先收录,先放入接口库，等站内调用量或搜索需求上来后再写专项内容。,,,
78,soul-soup,心灵毒鸡汤,POST,https://v1.apizero.cn/api/soul-soup,content,内容娱乐,免费试用 · 单次 0 积分,5 / s,50,30,,,https://apizero.cn/marketplace/soul-soup,https://apizero.cn/aidocs/soul-soup,https://apizero.cn/aidocs/soul-soup/raw.md,soul_soup,"随机返回一句""反鸡汤""文案，用于自嘲、解压或段子素材。",D-inventory,先收录,先放入接口库，等站内调用量或搜索需求上来后再写专项内容。,,,
79,dns-hijack,DNS 劫持检测,GET,https://v1.apizero.cn/api/dns-hijack,dev,开发工具,免费试用 · 单次 0 积分,5 / s,10000,5000,domain,,https://apizero.cn/marketplace/dns-hijack,https://apizero.cn/aidocs/dns-hijack,https://apizero.cn/aidocs/dns-hijack/raw.md,dns_hijack,通过对比 5 大公共 DoH（Cloudflare / Google / AliDNS / DNSPod / OpenDNS）对同一域名的解析结果，检测是否存在 DNS 劫持/污染/篡改。一致 = 安全，多源不一致 = 高风险。,D-inventory,先收录,先放入接口库，等站内调用量或搜索需求上来后再写专项内容。,,,
80,idcard-organ,身份证签发机关查询,GET,https://v1.apizero.cn/api/idcard-organ,kyc,身份核验,免费试用 · 单次 0 积分,10 / s,1000,300,id,,https://apizero.cn/marketplace/idcard-organ,https://apizero.cn/aidocs/idcard-organ,https://apizero.cn/aidocs/idcard-organ/raw.md,idcard_organ,通过身份证号前 6 位行政区划代码，查询对应的签发机关（地方公安局）。覆盖全国 3000+ 区划代码，本地数据零上游。仅供身份证真伪辅助核验、户籍查询等合规场景。,D-inventory,先收录,先放入接口库，等站内调用量或搜索需求上来后再写专项内容。,,,
81,idcard-2c,身份证二要素核验,POST,https://v1.apizero.cn/api/idcard-2c,kyc,身份核验,按次付费 · 单次 0 积分,5 / s,0,0,,,https://apizero.cn/marketplace/idcard-2c,https://apizero.cn/aidocs/idcard-2c,https://apizero.cn/aidocs/idcard-2c/raw.md,idcard_2c,校验「真实姓名 + 18 位身份证号」是否与公安权威库一致，秒级返回。 适用于注册实名、下单风控、账户绑定等场景。仅返回是否一致，不返回任何额外户籍信息；身份证号在响应中脱敏回显。请在取得被核验人授权后调用。,D-inventory,先收录,先放入接口库，等站内调用量或搜索需求上来后再写专项内容。,,,
82,tencent-weather,腾讯天气,POST,https://v1.apizero.cn/api/tencent-weather,life,生活服务,免费试用 · 单次 0 积分,10 / s,1000,500,,,https://apizero.cn/marketplace/tencent-weather,https://apizero.cn/aidocs/tencent-weather,https://apizero.cn/aidocs/tencent-weather/raw.md,tencent_weather,腾讯天气官方数据源，中文省市名直接查询全国天气，无需经纬度。 输入省 + 市（可选区县）即可获取：实时天气、空气质量（AQI/PM2.5/PM10）、未来 7 天预报、24 小时逐时预报、23 项生活指数、日出日落与机动车限行信息。数据来自腾讯天气，权威稳定。完全免费：未登录每日 500 次，登录用户每日 1000 次。,D-inventory,先收录,先放入接口库，等站内调用量或搜索需求上来后再写专项内容。,,,
83,typhoon,台风实时路径,POST,https://v1.apizero.cn/api/typhoon,life,生活服务,免费试用 · 单次 0 积分,10 / s,1000,500,,,https://apizero.cn/marketplace/typhoon,https://apizero.cn/aidocs/typhoon,https://apizero.cn/aidocs/typhoon/raw.md,typhoon,台风实时路径：西北太平洋 / 南海台风实时监测，返回活跃台风列表、单个台风完整移动路径（实况点 + 官方预报点）及风云卫星云图。 数据含台风编号、中英文名、等级、经纬度、中心气压、最大风速、移动方向与逐时路径点；`action=all` 一次取活跃台风 + 最新云图。适用于防灾预警、气象可视化、航运出行等场景。,D-inventory,先收录,先放入接口库，等站内调用量或搜索需求上来后再写专项内容。,,,
84,business-license,营业执照识别,POST,https://v1.apizero.cn/api/business-license,ocrdata,文档识别,免费试用 · 单次 0 积分,2 / s,20,0,,,https://apizero.cn/marketplace/business-license,https://apizero.cn/aidocs/business-license,https://apizero.cn/aidocs/business-license/raw.md,business_license,上传营业执照图片（URL 或 base64），自动识别证件字段，包括统一社会信用代码、公司名称、法人、注册资本、经营范围等共 12 个关键字段信息。 适用于企业资质核验、合规审查、供应商管理、电商开店审核等场景。支持 JPG / PNG，文件大小不超过 10 MB，建议图片清晰、完整、无遮挡。,D-inventory,先收录,先放入接口库，等站内调用量或搜索需求上来后再写专项内容。,,,
85,ocr-vehicle-invoice,机动车发票识别,POST,https://v1.apizero.cn/api/ocr-vehicle-invoice,ocrdata,文档识别,免费试用 · 单次 0 积分,2 / s,20,0,,,https://apizero.cn/marketplace/ocr-vehicle-invoice,https://apizero.cn/aidocs/ocr-vehicle-invoice,https://apizero.cn/aidocs/ocr-vehicle-invoice/raw.md,ocr_vehicle_invoice,结构化识别机动车销售发票，提取发票代码、号码、开票日期、购买方/销售方信息、车辆信息及价税明细等 20 个字段。 适用场景：二手车交易核验、购车报销录入、增值税抵扣材料整理等。支持 jpg/png 格式，文件大小不超过 10MB，建议发票平整、拍摄清晰以提高识别准确率。,D-inventory,先收录,先放入接口库，等站内调用量或搜索需求上来后再写专项内容。,,,
86,wechat-archive,微信文章转存,POST,https://v1.apizero.cn/api/wechat-archive,content,内容娱乐,免费试用 · 单次 0 积分,1 / s,1000,100,,,https://apizero.cn/marketplace/wechat-archive,https://apizero.cn/aidocs/wechat-archive,https://apizero.cn/aidocs/wechat-archive/raw.md,wechat_archive,输入微信公众号文章链接，抓取并转为Markdown/纯文本，提取标题、作者、公众号名称、发布时间，下载正文图片资源。,D-inventory,先收录,先放入接口库，等站内调用量或搜索需求上来后再写专项内容。,,,
87,app-store,App Store 查询,POST,https://v1.apizero.cn/api/app-store,dev,开发工具,免费试用 · 单次 0 积分,10 / s,1000,500,,,https://apizero.cn/marketplace/app-store,https://apizero.cn/aidocs/app-store,https://apizero.cn/aidocs/app-store/raw.md,app_store,输入 App 数字 ID 或应用商店链接，查询 App Store 应用的名称、开发者、版本、评分、价格、截图、兼容性等完整信息。 支持全球多国家/地区（cn/us/jp 等）查询，可用于应用竞品分析、上架状态监控、ASO 运营、开发者工具集成等场景。数据实时聚合、结构清晰，数值/日期已标准化。完全免费。,D-inventory,先收录,先放入接口库，等站内调用量或搜索需求上来后再写专项内容。,,,
88,stock-trend,A股实时行情,POST,https://v1.apizero.cn/api/stock-trend,finance,金融数据,免费试用 · 单次 0 积分,5 / s,50,5,,,https://apizero.cn/marketplace/stock-trend,https://apizero.cn/aidocs/stock-trend,https://apizero.cn/aidocs/stock-trend/raw.md,stock_trend,A股实时行情与分时数据分析接口，覆盖沪深北交易所全部 A 股。 输入 6 位股票代码即可获取：实时行情快照（最新价、涨跌额/涨跌幅、振幅、换手率、量比、市盈率、市净率、总市值/流通市值）、当日分时数据（逐分钟 开/高/低/收、均价、成交量、成交额）、以及技术分析（趋势研判、强弱评分、振幅分级、逐分钟涨跌分布、VWAP 偏离度）。支持 full/simple 两种粒度，数据稳定、字段规范，适合行情展示、量化选股与投研场景。 免费额度：未登录每日 5 次；登录用户每日 50 次免费，超出部分按 ¥0.01/次计费（可用余额抵扣）；开通会员享更高额度与更大并发。,D-inventory,先收录,先放入接口库，等站内调用量或搜索需求上来后再写专项内容。,,,
89,air-history,历史空气质量,POST,https://v1.apizero.cn/api/air-history,life,生活服务,免费试用 · 单次 0 积分,5 / s,50,5,,,https://apizero.cn/marketplace/air-history,https://apizero.cn/aidocs/air-history,https://apizero.cn/aidocs/air-history/raw.md,air_history,按城市 + 年月查询历史空气质量档案：逐日 AQI 与六项污染物（PM2.5/PM10/SO₂/NO₂/CO/O₃）浓度、空气质量等级、首要污染物、全国排名，并给出月度汇总（均值、最佳/最差日、优良天数分布）。 可查范围 2013 年 1 月至当前月，覆盖全国主要城市。首要污染物按国标 HJ 633-2012 IAQI 分指数计算。数据仅供参考。,D-inventory,先收录,先放入接口库，等站内调用量或搜索需求上来后再写专项内容。,,,
90,mingyan,名人名言,POST,https://v1.apizero.cn/api/mingyan,content,内容娱乐,免费试用 · 单次 0 积分,5 / s,50,30,,,https://apizero.cn/marketplace/mingyan,https://apizero.cn/aidocs/mingyan,https://apizero.cn/aidocs/mingyan/raw.md,mingyan,返回一条名人名言，支持按类型筛选。action=types 可获取所有类型列表。,D-inventory,先收录,先放入接口库，等站内调用量或搜索需求上来后再写专项内容。,,,
91,image-nsfw,图片鉴黄,POST,https://v1.apizero.cn/api/image-nsfw,ai,AI 能力,免费试用 · 单次 0 积分,2 / s,100,10,,,https://apizero.cn/marketplace/image-nsfw,https://apizero.cn/aidocs/image-nsfw,https://apizero.cn/aidocs/image-nsfw/raw.md,image_nsfw,图片NSFW内容检测。支持本地NudeNet推理（零调用费）及百度/腾讯/阿里云端三家，统一返回 decision（block/review/pass）+ 分类得分 + 检测框。,D-inventory,先收录,先放入接口库，等站内调用量或搜索需求上来后再写专项内容。,,,
92,2fa,2FA 动态验证码,POST,https://v1.apizero.cn/api/2fa,dev,开发工具,免费试用 · 单次 0 积分,20 / s,1000,200,,,https://apizero.cn/marketplace/2fa,https://apizero.cn/aidocs/2fa,https://apizero.cn/aidocs/2fa/raw.md,2fa,2FA 动态验证码（TOTP）生成与校验，兼容 Google Authenticator 等主流身份验证器。 基于 RFC 6238 标准由本平台自建实现，支持「生成 / 验证 / 批量」三种模式，可自定义验证码位数（4~8）与有效周期（10~120 秒）。密钥仅参与计算、不存储、不回显，验证采用恒定时间比较防时序攻击。接口完全免费，支持匿名调用。,D-inventory,先收录,先放入接口库，等站内调用量或搜索需求上来后再写专项内容。,,,
93,carrier-3c,运营商三要素核验,POST,https://v1.apizero.cn/api/carrier-3c,kyc,身份核验,按次付费 · 单次 0 积分,5 / s,0,0,,,https://apizero.cn/marketplace/carrier-3c,https://apizero.cn/aidocs/carrier-3c,https://apizero.cn/aidocs/carrier-3c/raw.md,carrier_3c,运营商三要素实名核验：一次校验「姓名 + 手机号 + 身份证号」三者是否一致，返回核验结论。 适用于账户实名、风控准入、身份一致性校验等场景。仅返回是否一致的结论，不返回、不存储任何明文个人信息；接口需登录并按次计费，请在取得信息主体明确授权后合规调用。,D-inventory,先收录,先放入接口库，等站内调用量或搜索需求上来后再写专项内容。,,,
94,ocr-vehicle-license,行驶证识别,POST,https://v1.apizero.cn/api/ocr-vehicle-license,ocrdata,文档识别,免费试用 · 单次 0 积分,2 / s,20,0,,,https://apizero.cn/marketplace/ocr-vehicle-license,https://apizero.cn/aidocs/ocr-vehicle-license,https://apizero.cn/aidocs/ocr-vehicle-license/raw.md,ocr_vehicle_license,结构化识别行驶证，提取号牌号码、车辆类型、所有人、住址、品牌型号、VIN、发动机号、注册日期、总质量、核定载质量、外廓尺寸、检验记录等 20 个字段。 适用场景：二手车交易核验、车辆过户信息录入、保险投保材料自动提取等。含所有人姓名及住址，仅限已登录用户调用，匿名访问不开放。,D-inventory,先收录,先放入接口库，等站内调用量或搜索需求上来后再写专项内容。,,,
95,car-owner-check,车牌车主核验,POST,https://v1.apizero.cn/api/car-owner-check,kyc,身份核验,按次付费 · 单次 0 积分,5 / s,0,0,,,https://apizero.cn/marketplace/car-owner-check,https://apizero.cn/aidocs/car-owner-check,https://apizero.cn/aidocs/car-owner-check/raw.md,car_owner_check,车牌号与车主姓名一致性核验，快速判断二者是否匹配。 适用于二手车交易、租车、物流承运、金融风控等场景的车辆归属初步核验。仅返回「相符 / 不符」结论，不返回车主任何隐私详情。本接口为身份核验类敏感能力，需登录并携带 API Key 调用，按次计费。,D-inventory,先收录,先放入接口库，等站内调用量或搜索需求上来后再写专项内容。,,,
96,driving-license,驾驶证识别,POST,https://v1.apizero.cn/api/driving-license,ocrdata,文档识别,免费试用 · 单次 0 积分,2 / s,20,0,,,https://apizero.cn/marketplace/driving-license,https://apizero.cn/aidocs/driving-license,https://apizero.cn/aidocs/driving-license/raw.md,driving_license,上传驾驶证图片（URL 或 base64），自动识别证件字段，包括证号、姓名、性别、国籍、住址、出生日期、准驾车型、有效期等共 12 个关键字段信息。 适用于网约车平台司机资质核验、二手车交易身份核实、物流企业驾照信息录入等场景。支持 JPG / PNG / BMP，图片建议清晰、无遮挡。,D-inventory,先收录,先放入接口库，等站内调用量或搜索需求上来后再写专项内容。,,,
97,ocr-bank-card,银行卡识别,POST,https://v1.apizero.cn/api/ocr-bank-card,ocrdata,文档识别,免费试用 · 单次 0 积分,2 / s,20,0,,,https://apizero.cn/marketplace/ocr-bank-card,https://apizero.cn/aidocs/ocr-bank-card,https://apizero.cn/aidocs/ocr-bank-card/raw.md,ocr_bank_card,识别银行卡图片中的卡号与有效期，支持 URL 和 base64 两种输入方式。 适用场景：在线开户填卡、支付绑卡辅助录入、卡号核对等。支持 jpg/png 格式，文件大小不超过 10MB，建议图片清晰、卡面完整以提高识别率。,D-inventory,先收录,先放入接口库，等站内调用量或搜索需求上来后再写专项内容。,,,
98,ocr-cn-passport,中国护照识别,POST,https://v1.apizero.cn/api/ocr-cn-passport,ocrdata,文档识别,免费试用 · 单次 0 积分,2 / s,20,0,,,https://apizero.cn/marketplace/ocr-cn-passport,https://apizero.cn/aidocs/ocr-cn-passport,https://apizero.cn/aidocs/ocr-cn-passport/raw.md,ocr_cn_passport,结构化识别中国护照，提取护照号码、中英文姓名、出生日期、有效期至、签发地点共 6 个关键字段。 适用场景：出行实名核验、酒店/机构入住登记、跨境业务证件录入等。护照属于高敏感度身份证件，仅限已登录用户调用，匿名访问不开放。,D-inventory,先收录,先放入接口库，等站内调用量或搜索需求上来后再写专项内容。,,,
99,ocr-health-cert,健康证识别,POST,https://v1.apizero.cn/api/ocr-health-cert,ocrdata,文档识别,免费试用 · 单次 0 积分,2 / s,20,0,,,https://apizero.cn/marketplace/ocr-health-cert,https://apizero.cn/aidocs/ocr-health-cert,https://apizero.cn/aidocs/ocr-health-cert/raw.md,ocr_health_cert,结构化识别健康证，提取姓名、发证机关、办证日期、发证日期、体检日期、有效日期共 6 个关键字段。 适用场景：餐饮/食品行业从业人员健康证核验、HR 入职材料自动录入、证件有效期批量管理等。支持 URL 和 base64 两种输入方式，jpg/png 格式，建议证件图片完整清晰。,D-inventory,先收录,先放入接口库，等站内调用量或搜索需求上来后再写专项内容。,,,
100,ocr-train-ticket,火车票识别,POST,https://v1.apizero.cn/api/ocr-train-ticket,ocrdata,文档识别,免费试用 · 单次 0 积分,2 / s,20,0,,,https://apizero.cn/marketplace/ocr-train-ticket,https://apizero.cn/aidocs/ocr-train-ticket,https://apizero.cn/aidocs/ocr-train-ticket/raw.md,ocr_train_ticket,结构化识别国内全类型火车票（含高铁、动车、普通车票），提取出发/到达站、车次、姓名、座位号、票价、出发时间、身份证号、售卖站等 13 个字段。 适用场景：差旅费报销自动录入、行程管理、票据核对等。因返回内容含姓名和身份证号，仅限已登录用户调用，匿名访问不开放。,D-inventory,先收录,先放入接口库，等站内调用量或搜索需求上来后再写专项内容。,,,
101,hot-search,全网热搜聚合,POST,https://v1.apizero.cn/api/hot-search,content,内容娱乐,免费试用 · 单次 0 积分,3 / s,3000,2000,,,https://apizero.cn/marketplace/hot-search,https://apizero.cn/aidocs/hot-search,https://apizero.cn/aidocs/hot-search/raw.md,hot_search,聚合微博热搜、知乎热榜、B站日榜、百度贴吧热议，一次请求获取全网热门话题。支持按平台筛选和条数限制。,D-inventory,先收录,先放入接口库，等站内调用量或搜索需求上来后再写专项内容。,,,
102,ocr-taxi-invoice,出租车发票识别,POST,https://v1.apizero.cn/api/ocr-taxi-invoice,ocrdata,文档识别,免费试用 · 单次 0 积分,2 / s,20,0,,,https://apizero.cn/marketplace/ocr-taxi-invoice,https://apizero.cn/aidocs/ocr-taxi-invoice,https://apizero.cn/aidocs/ocr-taxi-invoice/raw.md,ocr_taxi_invoice,结构化识别全国出租车机打发票，提取车号、上下车时间、里程、金额、发票代码/号码、单价、附加费、印章信息等 16 个字段。 适用场景：差旅费报销自动录入、行程费用核对、财务审计等。支持 URL 和 base64 两种输入方式，发票图片建议拍摄平整清晰。,D-inventory,先收录,先放入接口库，等站内调用量或搜索需求上来后再写专项内容。,,,
103,ocr-tw-permit,台胞证识别,POST,https://v1.apizero.cn/api/ocr-tw-permit,ocrdata,文档识别,免费试用 · 单次 0 积分,2 / s,20,0,,,https://apizero.cn/marketplace/ocr-tw-permit,https://apizero.cn/aidocs/ocr-tw-permit,https://apizero.cn/aidocs/ocr-tw-permit/raw.md,ocr_tw_permit,结构化识别台湾居民来往大陆通行证（台胞证），提取中文姓名、英文姓名、出生日期、证件号码、有效期共 5 个关键字段。 适用场景：台湾居民实名认证、酒店入住登记、证件信息自动录入等。涉及个人身份信息，仅限已登录用户调用，匿名访问不开放。支持 URL 和 base64 两种输入方式，jpg/png 格式，建议证件图片完整清晰。,D-inventory,先收录,先放入接口库，等站内调用量或搜索需求上来后再写专项内容。,,,
104,bili-danmaku,B站弹幕分析,POST,https://v1.apizero.cn/api/bili-danmaku,content,内容娱乐,免费试用 · 单次 0 积分,2 / s,20,10,,,https://apizero.cn/marketplace/bili-danmaku,https://apizero.cn/aidocs/bili-danmaku,https://apizero.cn/aidocs/bili-danmaku/raw.md,bili_danmaku,输入B站BV/AV号，拉取视频弹幕并分析高频重复弹幕、热词/梗、整体情感倾向（正向/负向/中性）。,D-inventory,先收录,先放入接口库，等站内调用量或搜索需求上来后再写专项内容。,,,
105,dns-lookup,DNS 查询,POST,https://v1.apizero.cn/api/dns-lookup,dev,开发工具,免费试用 · 单次 0 积分,5 / s,500,300,,,https://apizero.cn/marketplace/dns-lookup,https://apizero.cn/aidocs/dns-lookup,https://apizero.cn/aidocs/dns-lookup/raw.md,dns_lookup,零依赖DNS查询API。自实现DNS协议（RFC 1035），支持A/AAAA/MX/TXT/CNAME/NS/SOA/SRV/PTR/CAA记录类型，UDP自动fallback到DoH（DNS over HTTPS）防劫持。,B-support,补充推广,DNS 查询 API；适合开发者工具、域名诊断、运维脚本。,,,
